ID,Label,Device A,Termination A,Termination B,Device B,Type,Status,Color,Location A,Location B,Rack A,Rack B
1,SPINE-PEER-01,cr1-spine01,Ethernet1/53,Ethernet1/53,cr1-spine02,DAC-100G,Connected,#9c27b0,DC1-ROW-A,DC1-ROW-A,CORE-RACK-01,CORE-RACK-01
2,SPINE-PEER-02,cr1-spine01,Ethernet1/54,Ethernet1/54,cr1-spine02,DAC-100G,Connected,#9c27b0,DC1-ROW-A,DC1-ROW-A,CORE-RACK-01,CORE-RACK-01
3,UPLINK-sr01-leaf01-cr1-spine01-L1,sr01-leaf01,Ethernet1/49,Ethernet1/1,cr1-spine01,OM4-MMF-100G,Connected,#ff9800,DC1-ROW-B,DC1-ROW-A,SERVER-RACK-01,CORE-RACK-01
4,UPLINK-sr01-leaf01-cr1-spine01-L2,sr01-leaf01,Ethernet1/51,Ethernet1/2,cr1-spine01,OM4-MMF-100G,Connected,#ff9800,DC1-ROW-B,DC1-ROW-A,SERVER-RACK-01,CORE-RACK-01
5,UPLINK-sr01-leaf01-cr1-spine02-L1,sr01-leaf01,Ethernet1/49,Ethernet1/1,cr1-spine02,OM4-MMF-100G,Connected,#ff9800,DC1-ROW-B,DC1-ROW-A,SERVER-RACK-01,CORE-RACK-01
6,UPLINK-sr01-leaf01-cr1-spine02-L2,sr01-leaf01,Ethernet1/51,Ethernet1/2,cr1-spine02,OM4-MMF-100G,Connected,#ff9800,DC1-ROW-B,DC1-ROW-A,SERVER-RACK-01,CORE-RACK-01
7,UPLINK-sr01-leaf02-cr1-spine01-L1,sr01-leaf02,Ethernet1/51,Ethernet1/3,cr1-spine01,OM4-MMF-100G,Connected,#ff9800,DC1-ROW-B,DC1-ROW-A,SERVER-RACK-01,CORE-RACK-01
8,UPLINK-sr01-leaf02-cr1-spine01-L2,sr01-leaf02,Ethernet1/53,Ethernet1/4,cr1-spine01,OM4-MMF-100G,Connected,#ff9800,DC1-ROW-B,DC1-ROW-A,SERVER-RACK-01,CORE-RACK-01
9,UPLINK-sr01-leaf02-cr1-spine02-L1,sr01-leaf02,Ethernet1/51,Ethernet1/3,cr1-spine02,OM4-MMF-100G,Connected,#ff9800,DC1-ROW-B,DC1-ROW-A,SERVER-RACK-01,CORE-RACK-01
10,UPLINK-sr01-leaf02-cr1-spine02-L2,sr01-leaf02,Ethernet1/53,Ethernet1/4,cr1-spine02,OM4-MMF-100G,Connected,#ff9800,DC1-ROW-B,DC1-ROW-A,SERVER-RACK-01,CORE-RACK-01
11,UPLINK-sr02-leaf01-cr1-spine01-L1,sr02-leaf01,Ethernet1/53,Ethernet1/5,cr1-spine01,OM4-MMF-100G,Connected,#ff9800,DC1-ROW-B,DC1-ROW-A,SERVER-RACK-02,CORE-RACK-01
12,UPLINK-sr02-leaf01-cr1-spine01-L2,sr02-leaf01,Ethernet1/55,Ethernet1/6,cr1-spine01,OM4-MMF-100G,Connected,#ff9800,DC1-ROW-B,DC1-ROW-A,SERVER-RACK-02,CORE-RACK-01
13,UPLINK-sr02-leaf01-cr1-spine02-L1,sr02-leaf01,Ethernet1/53,Ethernet1/5,cr1-spine02,OM4-MMF-100G,Connected,#ff9800,DC1-ROW-B,DC1-ROW-A,SERVER-RACK-02,CORE-RACK-01
14,UPLINK-sr02-leaf01-cr1-spine02-L2,sr02-leaf01,Ethernet1/55,Ethernet1/6,cr1-spine02,OM4-MMF-100G,Connected,#ff9800,DC1-ROW-B,DC1-ROW-A,SERVER-RACK-02,CORE-RACK-01
15,UPLINK-sr02-leaf02-cr1-spine01-L1,sr02-leaf02,Ethernet1/49,Ethernet1/7,cr1-spine01,OM4-MMF-100G,Connected,#ff9800,DC1-ROW-B,DC1-ROW-A,SERVER-RACK-02,CORE-RACK-01
16,UPLINK-sr02-leaf02-cr1-spine01-L2,sr02-leaf02,Ethernet1/51,Ethernet1/8,cr1-spine01,OM4-MMF-100G,Connected,#ff9800,DC1-ROW-B,DC1-ROW-A,SERVER-RACK-02,CORE-RACK-01
17,UPLINK-sr02-leaf02-cr1-spine02-L1,sr02-leaf02,Ethernet1/49,Ethernet1/7,cr1-spine02,OM4-MMF-100G,Connected,#ff9800,DC1-ROW-B,DC1-ROW-A,SERVER-RACK-02,CORE-RACK-01
18,UPLINK-sr02-leaf02-cr1-spine02-L2,sr02-leaf02,Ethernet1/51,Ethernet1/8,cr1-spine02,OM4-MMF-100G,Connected,#ff9800,DC1-ROW-B,DC1-ROW-A,SERVER-RACK-02,CORE-RACK-01
19,UPLINK-sr03-leaf01-cr1-spine01-L1,sr03-leaf01,Ethernet1/51,Ethernet1/9,cr1-spine01,OM4-MMF-100G,Connected,#ff9800,DC1-ROW-C,DC1-ROW-A,SERVER-RACK-03,CORE-RACK-01
20,UPLINK-sr03-leaf01-cr1-spine01-L2,sr03-leaf01,Ethernet1/53,Ethernet1/10,cr1-spine01,OM4-MMF-100G,Connected,#ff9800,DC1-ROW-C,DC1-ROW-A,SERVER-RACK-03,CORE-RACK-01
21,UPLINK-sr03-leaf01-cr1-spine02-L1,sr03-leaf01,Ethernet1/51,Ethernet1/9,cr1-spine02,OM4-MMF-100G,Connected,#ff9800,DC1-ROW-C,DC1-ROW-A,SERVER-RACK-03,CORE-RACK-01
22,UPLINK-sr03-leaf01-cr1-spine02-L2,sr03-leaf01,Ethernet1/53,Ethernet1/10,cr1-spine02,OM4-MMF-100G,Connected,#ff9800,DC1-ROW-C,DC1-ROW-A,SERVER-RACK-03,CORE-RACK-01
23,UPLINK-sr03-leaf02-cr1-spine01-L1,sr03-leaf02,Ethernet1/53,Ethernet1/11,cr1-spine01,OM4-MMF-100G,Connected,#ff9800,DC1-ROW-C,DC1-ROW-A,SERVER-RACK-03,CORE-RACK-01
24,UPLINK-sr03-leaf02-cr1-spine01-L2,sr03-leaf02,Ethernet1/55,Ethernet1/12,cr1-spine01,OM4-MMF-100G,Connected,#ff9800,DC1-ROW-C,DC1-ROW-A,SERVER-RACK-03,CORE-RACK-01
25,UPLINK-sr03-leaf02-cr1-spine02-L1,sr03-leaf02,Ethernet1/53,Ethernet1/11,cr1-spine02,OM4-MMF-100G,Connected,#ff9800,DC1-ROW-C,DC1-ROW-A,SERVER-RACK-03,CORE-RACK-01
26,UPLINK-sr03-leaf02-cr1-spine02-L2,sr03-leaf02,Ethernet1/55,Ethernet1/12,cr1-spine02,OM4-MMF-100G,Connected,#ff9800,DC1-ROW-C,DC1-ROW-A,SERVER-RACK-03,CORE-RACK-01
27,UPLINK-sr04-leaf01-cr1-spine01-L1,sr04-leaf01,Ethernet1/49,Ethernet1/13,cr1-spine01,OM4-MMF-100G,Connected,#ff9800,DC1-ROW-C,DC1-ROW-A,SERVER-RACK-04,CORE-RACK-01
28,UPLINK-sr04-leaf01-cr1-spine01-L2,sr04-leaf01,Ethernet1/51,Ethernet1/14,cr1-spine01,OM4-MMF-100G,Connected,#ff9800,DC1-ROW-C,DC1-ROW-A,SERVER-RACK-04,CORE-RACK-01
29,UPLINK-sr04-leaf01-cr1-spine02-L1,sr04-leaf01,Ethernet1/49,Ethernet1/13,cr1-spine02,OM4-MMF-100G,Connected,#ff9800,DC1-ROW-C,DC1-ROW-A,SERVER-RACK-04,CORE-RACK-01
30,UPLINK-sr04-leaf01-cr1-spine02-L2,sr04-leaf01,Ethernet1/51,Ethernet1/14,cr1-spine02,OM4-MMF-100G,Connected,#ff9800,DC1-ROW-C,DC1-ROW-A,SERVER-RACK-04,CORE-RACK-01
31,UPLINK-sr04-leaf02-cr1-spine01-L1,sr04-leaf02,Ethernet1/51,Ethernet1/15,cr1-spine01,OM4-MMF-100G,Connected,#ff9800,DC1-ROW-C,DC1-ROW-A,SERVER-RACK-04,CORE-RACK-01
32,UPLINK-sr04-leaf02-cr1-spine01-L2,sr04-leaf02,Ethernet1/53,Ethernet1/16,cr1-spine01,OM4-MMF-100G,Connected,#ff9800,DC1-ROW-C,DC1-ROW-A,SERVER-RACK-04,CORE-RACK-01
33,UPLINK-sr04-leaf02-cr1-spine02-L1,sr04-leaf02,Ethernet1/51,Ethernet1/15,cr1-spine02,OM4-MMF-100G,Connected,#ff9800,DC1-ROW-C,DC1-ROW-A,SERVER-RACK-04,CORE-RACK-01
34,UPLINK-sr04-leaf02-cr1-spine02-L2,sr04-leaf02,Ethernet1/53,Ethernet1/16,cr1-spine02,OM4-MMF-100G,Connected,#ff9800,DC1-ROW-C,DC1-ROW-A,SERVER-RACK-04,CORE-RACK-01
35,UPLINK-sr05-leaf01-cr1-spine01-L1,sr05-leaf01,Ethernet1/53,Ethernet1/17,cr1-spine01,OM4-MMF-100G,Connected,#ff9800,DC1-ROW-D,DC1-ROW-A,SERVER-RACK-05,CORE-RACK-01
36,UPLINK-sr05-leaf01-cr1-spine01-L2,sr05-leaf01,Ethernet1/55,Ethernet1/18,cr1-spine01,OM4-MMF-100G,Connected,#ff9800,DC1-ROW-D,DC1-ROW-A,SERVER-RACK-05,CORE-RACK-01
37,UPLINK-sr05-leaf01-cr1-spine02-L1,sr05-leaf01,Ethernet1/53,Ethernet1/17,cr1-spine02,OM4-MMF-100G,Connected,#ff9800,DC1-ROW-D,DC1-ROW-A,SERVER-RACK-05,CORE-RACK-01
38,UPLINK-sr05-leaf01-cr1-spine02-L2,sr05-leaf01,Ethernet1/55,Ethernet1/18,cr1-spine02,OM4-MMF-100G,Connected,#ff9800,DC1-ROW-D,DC1-ROW-A,SERVER-RACK-05,CORE-RACK-01
39,UPLINK-sr05-leaf02-cr1-spine01-L1,sr05-leaf02,Ethernet1/49,Ethernet1/19,cr1-spine01,OM4-MMF-100G,Connected,#ff9800,DC1-ROW-D,DC1-ROW-A,SERVER-RACK-05,CORE-RACK-01
40,UPLINK-sr05-leaf02-cr1-spine01-L2,sr05-leaf02,Ethernet1/51,Ethernet1/20,cr1-spine01,OM4-MMF-100G,Connected,#ff9800,DC1-ROW-D,DC1-ROW-A,SERVER-RACK-05,CORE-RACK-01
41,UPLINK-sr05-leaf02-cr1-spine02-L1,sr05-leaf02,Ethernet1/49,Ethernet1/19,cr1-spine02,OM4-MMF-100G,Connected,#ff9800,DC1-ROW-D,DC1-ROW-A,SERVER-RACK-05,CORE-RACK-01
42,UPLINK-sr05-leaf02-cr1-spine02-L2,sr05-leaf02,Ethernet1/51,Ethernet1/20,cr1-spine02,OM4-MMF-100G,Connected,#ff9800,DC1-ROW-D,DC1-ROW-A,SERVER-RACK-05,CORE-RACK-01
43,UPLINK-sr06-leaf01-cr1-spine01-L1,sr06-leaf01,Ethernet1/51,Ethernet1/21,cr1-spine01,OM4-MMF-100G,Connected,#ff9800,DC1-ROW-D,DC1-ROW-A,SERVER-RACK-06,CORE-RACK-01
44,UPLINK-sr06-leaf01-cr1-spine01-L2,sr06-leaf01,Ethernet1/53,Ethernet1/22,cr1-spine01,OM4-MMF-100G,Connected,#ff9800,DC1-ROW-D,DC1-ROW-A,SERVER-RACK-06,CORE-RACK-01
45,UPLINK-sr06-leaf01-cr1-spine02-L1,sr06-leaf01,Ethernet1/51,Ethernet1/21,cr1-spine02,OM4-MMF-100G,Connected,#ff9800,DC1-ROW-D,DC1-ROW-A,SERVER-RACK-06,CORE-RACK-01
46,UPLINK-sr06-leaf01-cr1-spine02-L2,sr06-leaf01,Ethernet1/53,Ethernet1/22,cr1-spine02,OM4-MMF-100G,Connected,#ff9800,DC1-ROW-D,DC1-ROW-A,SERVER-RACK-06,CORE-RACK-01
47,UPLINK-sr06-leaf02-cr1-spine01-L1,sr06-leaf02,Ethernet1/53,Ethernet1/23,cr1-spine01,OM4-MMF-100G,Connected,#ff9800,DC1-ROW-D,DC1-ROW-A,SERVER-RACK-06,CORE-RACK-01
48,UPLINK-sr06-leaf02-cr1-spine01-L2,sr06-leaf02,Ethernet1/55,Ethernet1/24,cr1-spine01,OM4-MMF-100G,Connected,#ff9800,DC1-ROW-D,DC1-ROW-A,SERVER-RACK-06,CORE-RACK-01
49,UPLINK-sr06-leaf02-cr1-spine02-L1,sr06-leaf02,Ethernet1/53,Ethernet1/23,cr1-spine02,OM4-MMF-100G,Connected,#ff9800,DC1-ROW-D,DC1-ROW-A,SERVER-RACK-06,CORE-RACK-01
50,UPLINK-sr06-leaf02-cr1-spine02-L2,sr06-leaf02,Ethernet1/55,Ethernet1/24,cr1-spine02,OM4-MMF-100G,Connected,#ff9800,DC1-ROW-D,DC1-ROW-A,SERVER-RACK-06,CORE-RACK-01
51,SRV-sr01-srv01-A,sr01-srv01,eth0,Ethernet1/1,sr01-leaf01,CAT6A,Connected,#2196f3,DC1-ROW-B,DC1-ROW-B,SERVER-RACK-01,SERVER-RACK-01
52,SRV-sr01-srv01-B,sr01-srv01,eth1,Ethernet1/1,sr01-leaf02,CAT6A,Connected,#2196f3,DC1-ROW-B,DC1-ROW-B,SERVER-RACK-01,SERVER-RACK-01
53,SRV-sr01-srv02-A,sr01-srv02,eth0,Ethernet1/2,sr01-leaf01,CAT6A,Connected,#2196f3,DC1-ROW-B,DC1-ROW-B,SERVER-RACK-01,SERVER-RACK-01
54,SRV-sr01-srv02-B,sr01-srv02,eth1,Ethernet1/2,sr01-leaf02,CAT6A,Connected,#2196f3,DC1-ROW-B,DC1-ROW-B,SERVER-RACK-01,SERVER-RACK-01
55,SRV-sr01-srv03-A,sr01-srv03,eth0,Ethernet1/3,sr01-leaf01,CAT6A,Connected,#2196f3,DC1-ROW-B,DC1-ROW-B,SERVER-RACK-01,SERVER-RACK-01
56,SRV-sr01-srv03-B,sr01-srv03,eth1,Ethernet1/3,sr01-leaf02,CAT6A,Connected,#2196f3,DC1-ROW-B,DC1-ROW-B,SERVER-RACK-01,SERVER-RACK-01
57,SRV-sr01-srv04-A,sr01-srv04,eth0,Ethernet1/4,sr01-leaf01,CAT6A,Connected,#2196f3,DC1-ROW-B,DC1-ROW-B,SERVER-RACK-01,SERVER-RACK-01
58,SRV-sr01-srv04-B,sr01-srv04,eth1,Ethernet1/4,sr01-leaf02,CAT6A,Connected,#2196f3,DC1-ROW-B,DC1-ROW-B,SERVER-RACK-01,SERVER-RACK-01
59,SRV-sr01-srv05-A,sr01-srv05,eth0,Ethernet1/5,sr01-leaf01,CAT6A,Connected,#2196f3,DC1-ROW-B,DC1-ROW-B,SERVER-RACK-01,SERVER-RACK-01
60,SRV-sr01-srv05-B,sr01-srv05,eth1,Ethernet1/5,sr01-leaf02,CAT6A,Connected,#2196f3,DC1-ROW-B,DC1-ROW-B,SERVER-RACK-01,SERVER-RACK-01
61,SRV-sr01-srv06-A,sr01-srv06,eth0,Ethernet1/6,sr01-leaf01,CAT6A,Connected,#2196f3,DC1-ROW-B,DC1-ROW-B,SERVER-RACK-01,SERVER-RACK-01
62,SRV-sr01-srv06-B,sr01-srv06,eth1,Ethernet1/6,sr01-leaf02,CAT6A,Connected,#2196f3,DC1-ROW-B,DC1-ROW-B,SERVER-RACK-01,SERVER-RACK-01
63,SRV-sr01-srv07-A,sr01-srv07,eth0,Ethernet1/7,sr01-leaf01,CAT6A,Connected,#2196f3,DC1-ROW-B,DC1-ROW-B,SERVER-RACK-01,SERVER-RACK-01
64,SRV-sr01-srv07-B,sr01-srv07,eth1,Ethernet1/7,sr01-leaf02,CAT6A,Connected,#2196f3,DC1-ROW-B,DC1-ROW-B,SERVER-RACK-01,SERVER-RACK-01
65,SRV-sr01-srv08-A,sr01-srv08,eth0,Ethernet1/8,sr01-leaf01,CAT6A,Connected,#2196f3,DC1-ROW-B,DC1-ROW-B,SERVER-RACK-01,SERVER-RACK-01
66,SRV-sr01-srv08-B,sr01-srv08,eth1,Ethernet1/8,sr01-leaf02,CAT6A,Connected,#2196f3,DC1-ROW-B,DC1-ROW-B,SERVER-RACK-01,SERVER-RACK-01
67,SRV-sr01-srv09-A,sr01-srv09,eth0,Ethernet1/9,sr01-leaf01,CAT6A,Connected,#2196f3,DC1-ROW-B,DC1-ROW-B,SERVER-RACK-01,SERVER-RACK-01
68,SRV-sr01-srv09-B,sr01-srv09,eth1,Ethernet1/9,sr01-leaf02,CAT6A,Connected,#2196f3,DC1-ROW-B,DC1-ROW-B,SERVER-RACK-01,SERVER-RACK-01
69,SRV-sr01-srv10-A,sr01-srv10,eth0,Ethernet1/10,sr01-leaf01,CAT6A,Connected,#2196f3,DC1-ROW-B,DC1-ROW-B,SERVER-RACK-01,SERVER-RACK-01
70,SRV-sr01-srv10-B,sr01-srv10,eth1,Ethernet1/10,sr01-leaf02,CAT6A,Connected,#2196f3,DC1-ROW-B,DC1-ROW-B,SERVER-RACK-01,SERVER-RACK-01
71,SRV-sr01-srv11-A,sr01-srv11,eth0,Ethernet1/11,sr01-leaf01,CAT6A,Connected,#2196f3,DC1-ROW-B,DC1-ROW-B,SERVER-RACK-01,SERVER-RACK-01
72,SRV-sr01-srv11-B,sr01-srv11,eth1,Ethernet1/11,sr01-leaf02,CAT6A,Connected,#2196f3,DC1-ROW-B,DC1-ROW-B,SERVER-RACK-01,SERVER-RACK-01
73,SRV-sr01-srv12-A,sr01-srv12,eth0,Ethernet1/12,sr01-leaf01,CAT6A,Connected,#2196f3,DC1-ROW-B,DC1-ROW-B,SERVER-RACK-01,SERVER-RACK-01
74,SRV-sr01-srv12-B,sr01-srv12,eth1,Ethernet1/12,sr01-leaf02,CAT6A,Connected,#2196f3,DC1-ROW-B,DC1-ROW-B,SERVER-RACK-01,SERVER-RACK-01
75,SRV-sr01-srv13-A,sr01-srv13,eth0,Ethernet1/13,sr01-leaf01,CAT6A,Connected,#2196f3,DC1-ROW-B,DC1-ROW-B,SERVER-RACK-01,SERVER-RACK-01
76,SRV-sr01-srv13-B,sr01-srv13,eth1,Ethernet1/13,sr01-leaf02,CAT6A,Connected,#2196f3,DC1-ROW-B,DC1-ROW-B,SERVER-RACK-01,SERVER-RACK-01
77,SRV-sr01-srv14-A,sr01-srv14,eth0,Ethernet1/14,sr01-leaf01,CAT6A,Connected,#2196f3,DC1-ROW-B,DC1-ROW-B,SERVER-RACK-01,SERVER-RACK-01
78,SRV-sr01-srv14-B,sr01-srv14,eth1,Ethernet1/14,sr01-leaf02,CAT6A,Connected,#2196f3,DC1-ROW-B,DC1-ROW-B,SERVER-RACK-01,SERVER-RACK-01
79,SRV-sr01-srv15-A,sr01-srv15,eth0,Ethernet1/15,sr01-leaf01,CAT6A,Connected,#2196f3,DC1-ROW-B,DC1-ROW-B,SERVER-RACK-01,SERVER-RACK-01
80,SRV-sr01-srv15-B,sr01-srv15,eth1,Ethernet1/15,sr01-leaf02,CAT6A,Connected,#2196f3,DC1-ROW-B,DC1-ROW-B,SERVER-RACK-01,SERVER-RACK-01
81,SRV-sr01-srv16-A,sr01-srv16,eth0,Ethernet1/16,sr01-leaf01,CAT6A,Connected,#2196f3,DC1-ROW-B,DC1-ROW-B,SERVER-RACK-01,SERVER-RACK-01
82,SRV-sr01-srv16-B,sr01-srv16,eth1,Ethernet1/16,sr01-leaf02,CAT6A,Connected,#2196f3,DC1-ROW-B,DC1-ROW-B,SERVER-RACK-01,SERVER-RACK-01
83,SRV-sr02-srv01-A,sr02-srv01,eth0,Ethernet1/1,sr02-leaf01,CAT6A,Connected,#2196f3,DC1-ROW-B,DC1-ROW-B,SERVER-RACK-02,SERVER-RACK-02
84,SRV-sr02-srv01-B,sr02-srv01,eth1,Ethernet1/1,sr02-leaf02,CAT6A,Connected,#2196f3,DC1-ROW-B,DC1-ROW-B,SERVER-RACK-02,SERVER-RACK-02
85,SRV-sr02-srv02-A,sr02-srv02,eth0,Ethernet1/2,sr02-leaf01,CAT6A,Connected,#2196f3,DC1-ROW-B,DC1-ROW-B,SERVER-RACK-02,SERVER-RACK-02
86,SRV-sr02-srv02-B,sr02-srv02,eth1,Ethernet1/2,sr02-leaf02,CAT6A,Connected,#2196f3,DC1-ROW-B,DC1-ROW-B,SERVER-RACK-02,SERVER-RACK-02
87,SRV-sr02-srv03-A,sr02-srv03,eth0,Ethernet1/3,sr02-leaf01,CAT6A,Connected,#2196f3,DC1-ROW-B,DC1-ROW-B,SERVER-RACK-02,SERVER-RACK-02
88,SRV-sr02-srv03-B,sr02-srv03,eth1,Ethernet1/3,sr02-leaf02,CAT6A,Connected,#2196f3,DC1-ROW-B,DC1-ROW-B,SERVER-RACK-02,SERVER-RACK-02
89,SRV-sr02-srv04-A,sr02-srv04,eth0,Ethernet1/4,sr02-leaf01,CAT6A,Connected,#2196f3,DC1-ROW-B,DC1-ROW-B,SERVER-RACK-02,SERVER-RACK-02
90,SRV-sr02-srv04-B,sr02-srv04,eth1,Ethernet1/4,sr02-leaf02,CAT6A,Connected,#2196f3,DC1-ROW-B,DC1-ROW-B,SERVER-RACK-02,SERVER-RACK-02
91,SRV-sr02-srv05-A,sr02-srv05,eth0,Ethernet1/5,sr02-leaf01,CAT6A,Connected,#2196f3,DC1-ROW-B,DC1-ROW-B,SERVER-RACK-02,SERVER-RACK-02
92,SRV-sr02-srv05-B,sr02-srv05,eth1,Ethernet1/5,sr02-leaf02,CAT6A,Connected,#2196f3,DC1-ROW-B,DC1-ROW-B,SERVER-RACK-02,SERVER-RACK-02
93,SRV-sr02-srv06-A,sr02-srv06,eth0,Ethernet1/6,sr02-leaf01,CAT6A,Connected,#2196f3,DC1-ROW-B,DC1-ROW-B,SERVER-RACK-02,SERVER-RACK-02
94,SRV-sr02-srv06-B,sr02-srv06,eth1,Ethernet1/6,sr02-leaf02,CAT6A,Connected,#2196f3,DC1-ROW-B,DC1-ROW-B,SERVER-RACK-02,SERVER-RACK-02
95,SRV-sr02-srv07-A,sr02-srv07,eth0,Ethernet1/7,sr02-leaf01,CAT6A,Connected,#2196f3,DC1-ROW-B,DC1-ROW-B,SERVER-RACK-02,SERVER-RACK-02
96,SRV-sr02-srv07-B,sr02-srv07,eth1,Ethernet1/7,sr02-leaf02,CAT6A,Connected,#2196f3,DC1-ROW-B,DC1-ROW-B,SERVER-RACK-02,SERVER-RACK-02
97,SRV-sr02-srv08-A,sr02-srv08,eth0,Ethernet1/8,sr02-leaf01,CAT6A,Connected,#2196f3,DC1-ROW-B,DC1-ROW-B,SERVER-RACK-02,SERVER-RACK-02
98,SRV-sr02-srv08-B,sr02-srv08,eth1,Ethernet1/8,sr02-leaf02,CAT6A,Connected,#2196f3,DC1-ROW-B,DC1-ROW-B,SERVER-RACK-02,SERVER-RACK-02
99,SRV-sr02-srv09-A,sr02-srv09,eth0,Ethernet1/9,sr02-leaf01,CAT6A,Connected,#2196f3,DC1-ROW-B,DC1-ROW-B,SERVER-RACK-02,SERVER-RACK-02
100,SRV-sr02-srv09-B,sr02-srv09,eth1,Ethernet1/9,sr02-leaf02,CAT6A,Connected,#2196f3,DC1-ROW-B,DC1-ROW-B,SERVER-RACK-02,SERVER-RACK-02
101,SRV-sr02-srv10-A,sr02-srv10,eth0,Ethernet1/10,sr02-leaf01,CAT6A,Connected,#2196f3,DC1-ROW-B,DC1-ROW-B,SERVER-RACK-02,SERVER-RACK-02
102,SRV-sr02-srv10-B,sr02-srv10,eth1,Ethernet1/10,sr02-leaf02,CAT6A,Connected,#2196f3,DC1-ROW-B,DC1-ROW-B,SERVER-RACK-02,SERVER-RACK-02
103,SRV-sr02-srv11-A,sr02-srv11,eth0,Ethernet1/11,sr02-leaf01,CAT6A,Connected,#2196f3,DC1-ROW-B,DC1-ROW-B,SERVER-RACK-02,SERVER-RACK-02
104,SRV-sr02-srv11-B,sr02-srv11,eth1,Ethernet1/11,sr02-leaf02,CAT6A,Connected,#2196f3,DC1-ROW-B,DC1-ROW-B,SERVER-RACK-02,SERVER-RACK-02
105,SRV-sr02-srv12-A,sr02-srv12,eth0,Ethernet1/12,sr02-leaf01,CAT6A,Connected,#2196f3,DC1-ROW-B,DC1-ROW-B,SERVER-RACK-02,SERVER-RACK-02
106,SRV-sr02-srv12-B,sr02-srv12,eth1,Ethernet1/12,sr02-leaf02,CAT6A,Connected,#2196f3,DC1-ROW-B,DC1-ROW-B,SERVER-RACK-02,SERVER-RACK-02
107,SRV-sr02-srv13-A,sr02-srv13,eth0,Ethernet1/13,sr02-leaf01,CAT6A,Connected,#2196f3,DC1-ROW-B,DC1-ROW-B,SERVER-RACK-02,SERVER-RACK-02
108,SRV-sr02-srv13-B,sr02-srv13,eth1,Ethernet1/13,sr02-leaf02,CAT6A,Connected,#2196f3,DC1-ROW-B,DC1-ROW-B,SERVER-RACK-02,SERVER-RACK-02
109,SRV-sr02-srv14-A,sr02-srv14,eth0,Ethernet1/14,sr02-leaf01,CAT6A,Connected,#2196f3,DC1-ROW-B,DC1-ROW-B,SERVER-RACK-02,SERVER-RACK-02
110,SRV-sr02-srv14-B,sr02-srv14,eth1,Ethernet1/14,sr02-leaf02,CAT6A,Connected,#2196f3,DC1-ROW-B,DC1-ROW-B,SERVER-RACK-02,SERVER-RACK-02
111,SRV-sr02-srv15-A,sr02-srv15,eth0,Ethernet1/15,sr02-leaf01,CAT6A,Connected,#2196f3,DC1-ROW-B,DC1-ROW-B,SERVER-RACK-02,SERVER-RACK-02
112,SRV-sr02-srv15-B,sr02-srv15,eth1,Ethernet1/15,sr02-leaf02,CAT6A,Connected,#2196f3,DC1-ROW-B,DC1-ROW-B,SERVER-RACK-02,SERVER-RACK-02
113,SRV-sr02-srv16-A,sr02-srv16,eth0,Ethernet1/16,sr02-leaf01,CAT6A,Connected,#2196f3,DC1-ROW-B,DC1-ROW-B,SERVER-RACK-02,SERVER-RACK-02
114,SRV-sr02-srv16-B,sr02-srv16,eth1,Ethernet1/16,sr02-leaf02,CAT6A,Connected,#2196f3,DC1-ROW-B,DC1-ROW-B,SERVER-RACK-02,SERVER-RACK-02
115,SRV-sr03-srv01-A,sr03-srv01,eth0,Ethernet1/1,sr03-leaf01,CAT6A,Connected,#2196f3,DC1-ROW-C,DC1-ROW-C,SERVER-RACK-03,SERVER-RACK-03
116,SRV-sr03-srv01-B,sr03-srv01,eth1,Ethernet1/1,sr03-leaf02,CAT6A,Connected,#2196f3,DC1-ROW-C,DC1-ROW-C,SERVER-RACK-03,SERVER-RACK-03
117,SRV-sr03-srv02-A,sr03-srv02,eth0,Ethernet1/2,sr03-leaf01,CAT6A,Connected,#2196f3,DC1-ROW-C,DC1-ROW-C,SERVER-RACK-03,SERVER-RACK-03
118,SRV-sr03-srv02-B,sr03-srv02,eth1,Ethernet1/2,sr03-leaf02,CAT6A,Connected,#2196f3,DC1-ROW-C,DC1-ROW-C,SERVER-RACK-03,SERVER-RACK-03
119,SRV-sr03-srv03-A,sr03-srv03,eth0,Ethernet1/3,sr03-leaf01,CAT6A,Connected,#2196f3,DC1-ROW-C,DC1-ROW-C,SERVER-RACK-03,SERVER-RACK-03
120,SRV-sr03-srv03-B,sr03-srv03,eth1,Ethernet1/3,sr03-leaf02,CAT6A,Connected,#2196f3,DC1-ROW-C,DC1-ROW-C,SERVER-RACK-03,SERVER-RACK-03
121,SRV-sr03-srv04-A,sr03-srv04,eth0,Ethernet1/4,sr03-leaf01,CAT6A,Connected,#2196f3,DC1-ROW-C,DC1-ROW-C,SERVER-RACK-03,SERVER-RACK-03
122,SRV-sr03-srv04-B,sr03-srv04,eth1,Ethernet1/4,sr03-leaf02,CAT6A,Connected,#2196f3,DC1-ROW-C,DC1-ROW-C,SERVER-RACK-03,SERVER-RACK-03
123,SRV-sr03-srv05-A,sr03-srv05,eth0,Ethernet1/5,sr03-leaf01,CAT6A,Connected,#2196f3,DC1-ROW-C,DC1-ROW-C,SERVER-RACK-03,SERVER-RACK-03
124,SRV-sr03-srv05-B,sr03-srv05,eth1,Ethernet1/5,sr03-leaf02,CAT6A,Connected,#2196f3,DC1-ROW-C,DC1-ROW-C,SERVER-RACK-03,SERVER-RACK-03
125,SRV-sr03-srv06-A,sr03-srv06,eth0,Ethernet1/6,sr03-leaf01,CAT6A,Connected,#2196f3,DC1-ROW-C,DC1-ROW-C,SERVER-RACK-03,SERVER-RACK-03
126,SRV-sr03-srv06-B,sr03-srv06,eth1,Ethernet1/6,sr03-leaf02,CAT6A,Connected,#2196f3,DC1-ROW-C,DC1-ROW-C,SERVER-RACK-03,SERVER-RACK-03
127,SRV-sr03-srv07-A,sr03-srv07,eth0,Ethernet1/7,sr03-leaf01,CAT6A,Connected,#2196f3,DC1-ROW-C,DC1-ROW-C,SERVER-RACK-03,SERVER-RACK-03
128,SRV-sr03-srv07-B,sr03-srv07,eth1,Ethernet1/7,sr03-leaf02,CAT6A,Connected,#2196f3,DC1-ROW-C,DC1-ROW-C,SERVER-RACK-03,SERVER-RACK-03
129,SRV-sr03-srv08-A,sr03-srv08,eth0,Ethernet1/8,sr03-leaf01,CAT6A,Connected,#2196f3,DC1-ROW-C,DC1-ROW-C,SERVER-RACK-03,SERVER-RACK-03
130,SRV-sr03-srv08-B,sr03-srv08,eth1,Ethernet1/8,sr03-leaf02,CAT6A,Connected,#2196f3,DC1-ROW-C,DC1-ROW-C,SERVER-RACK-03,SERVER-RACK-03
131,SRV-sr03-srv09-A,sr03-srv09,eth0,Ethernet1/9,sr03-leaf01,CAT6A,Connected,#2196f3,DC1-ROW-C,DC1-ROW-C,SERVER-RACK-03,SERVER-RACK-03
132,SRV-sr03-srv09-B,sr03-srv09,eth1,Ethernet1/9,sr03-leaf02,CAT6A,Connected,#2196f3,DC1-ROW-C,DC1-ROW-C,SERVER-RACK-03,SERVER-RACK-03
133,SRV-sr03-srv10-A,sr03-srv10,eth0,Ethernet1/10,sr03-leaf01,CAT6A,Connected,#2196f3,DC1-ROW-C,DC1-ROW-C,SERVER-RACK-03,SERVER-RACK-03
134,SRV-sr03-srv10-B,sr03-srv10,eth1,Ethernet1/10,sr03-leaf02,CAT6A,Connected,#2196f3,DC1-ROW-C,DC1-ROW-C,SERVER-RACK-03,SERVER-RACK-03
135,SRV-sr03-srv11-A,sr03-srv11,eth0,Ethernet1/11,sr03-leaf01,CAT6A,Connected,#2196f3,DC1-ROW-C,DC1-ROW-C,SERVER-RACK-03,SERVER-RACK-03
136,SRV-sr03-srv11-B,sr03-srv11,eth1,Ethernet1/11,sr03-leaf02,CAT6A,Connected,#2196f3,DC1-ROW-C,DC1-ROW-C,SERVER-RACK-03,SERVER-RACK-03
137,SRV-sr03-srv12-A,sr03-srv12,eth0,Ethernet1/12,sr03-leaf01,CAT6A,Connected,#2196f3,DC1-ROW-C,DC1-ROW-C,SERVER-RACK-03,SERVER-RACK-03
138,SRV-sr03-srv12-B,sr03-srv12,eth1,Ethernet1/12,sr03-leaf02,CAT6A,Connected,#2196f3,DC1-ROW-C,DC1-ROW-C,SERVER-RACK-03,SERVER-RACK-03
139,SRV-sr03-srv13-A,sr03-srv13,eth0,Ethernet1/13,sr03-leaf01,CAT6A,Connected,#2196f3,DC1-ROW-C,DC1-ROW-C,SERVER-RACK-03,SERVER-RACK-03
140,SRV-sr03-srv13-B,sr03-srv13,eth1,Ethernet1/13,sr03-leaf02,CAT6A,Connected,#2196f3,DC1-ROW-C,DC1-ROW-C,SERVER-RACK-03,SERVER-RACK-03
141,SRV-sr03-srv14-A,sr03-srv14,eth0,Ethernet1/14,sr03-leaf01,CAT6A,Connected,#2196f3,DC1-ROW-C,DC1-ROW-C,SERVER-RACK-03,SERVER-RACK-03
142,SRV-sr03-srv14-B,sr03-srv14,eth1,Ethernet1/14,sr03-leaf02,CAT6A,Connected,#2196f3,DC1-ROW-C,DC1-ROW-C,SERVER-RACK-03,SERVER-RACK-03
143,SRV-sr03-srv15-A,sr03-srv15,eth0,Ethernet1/15,sr03-leaf01,CAT6A,Connected,#2196f3,DC1-ROW-C,DC1-ROW-C,SERVER-RACK-03,SERVER-RACK-03
144,SRV-sr03-srv15-B,sr03-srv15,eth1,Ethernet1/15,sr03-leaf02,CAT6A,Connected,#2196f3,DC1-ROW-C,DC1-ROW-C,SERVER-RACK-03,SERVER-RACK-03
145,SRV-sr03-srv16-A,sr03-srv16,eth0,Ethernet1/16,sr03-leaf01,CAT6A,Connected,#2196f3,DC1-ROW-C,DC1-ROW-C,SERVER-RACK-03,SERVER-RACK-03
146,SRV-sr03-srv16-B,sr03-srv16,eth1,Ethernet1/16,sr03-leaf02,CAT6A,Connected,#2196f3,DC1-ROW-C,DC1-ROW-C,SERVER-RACK-03,SERVER-RACK-03
147,SRV-sr04-srv01-A,sr04-srv01,eth0,Ethernet1/1,sr04-leaf01,CAT6A,Connected,#2196f3,DC1-ROW-C,DC1-ROW-C,SERVER-RACK-04,SERVER-RACK-04
148,SRV-sr04-srv01-B,sr04-srv01,eth1,Ethernet1/1,sr04-leaf02,CAT6A,Connected,#2196f3,DC1-ROW-C,DC1-ROW-C,SERVER-RACK-04,SERVER-RACK-04
149,SRV-sr04-srv02-A,sr04-srv02,eth0,Ethernet1/2,sr04-leaf01,CAT6A,Connected,#2196f3,DC1-ROW-C,DC1-ROW-C,SERVER-RACK-04,SERVER-RACK-04
150,SRV-sr04-srv02-B,sr04-srv02,eth1,Ethernet1/2,sr04-leaf02,CAT6A,Connected,#2196f3,DC1-ROW-C,DC1-ROW-C,SERVER-RACK-04,SERVER-RACK-04
151,SRV-sr04-srv03-A,sr04-srv03,eth0,Ethernet1/3,sr04-leaf01,CAT6A,Connected,#2196f3,DC1-ROW-C,DC1-ROW-C,SERVER-RACK-04,SERVER-RACK-04
152,SRV-sr04-srv03-B,sr04-srv03,eth1,Ethernet1/3,sr04-leaf02,CAT6A,Connected,#2196f3,DC1-ROW-C,DC1-ROW-C,SERVER-RACK-04,SERVER-RACK-04
153,SRV-sr04-srv04-A,sr04-srv04,eth0,Ethernet1/4,sr04-leaf01,CAT6A,Connected,#2196f3,DC1-ROW-C,DC1-ROW-C,SERVER-RACK-04,SERVER-RACK-04
154,SRV-sr04-srv04-B,sr04-srv04,eth1,Ethernet1/4,sr04-leaf02,CAT6A,Connected,#2196f3,DC1-ROW-C,DC1-ROW-C,SERVER-RACK-04,SERVER-RACK-04
155,SRV-sr04-srv05-A,sr04-srv05,eth0,Ethernet1/5,sr04-leaf01,CAT6A,Connected,#2196f3,DC1-ROW-C,DC1-ROW-C,SERVER-RACK-04,SERVER-RACK-04
156,SRV-sr04-srv05-B,sr04-srv05,eth1,Ethernet1/5,sr04-leaf02,CAT6A,Connected,#2196f3,DC1-ROW-C,DC1-ROW-C,SERVER-RACK-04,SERVER-RACK-04
157,SRV-sr04-srv06-A,sr04-srv06,eth0,Ethernet1/6,sr04-leaf01,CAT6A,Connected,#2196f3,DC1-ROW-C,DC1-ROW-C,SERVER-RACK-04,SERVER-RACK-04
158,SRV-sr04-srv06-B,sr04-srv06,eth1,Ethernet1/6,sr04-leaf02,CAT6A,Connected,#2196f3,DC1-ROW-C,DC1-ROW-C,SERVER-RACK-04,SERVER-RACK-04
159,SRV-sr04-srv07-A,sr04-srv07,eth0,Ethernet1/7,sr04-leaf01,CAT6A,Connected,#2196f3,DC1-ROW-C,DC1-ROW-C,SERVER-RACK-04,SERVER-RACK-04
160,SRV-sr04-srv07-B,sr04-srv07,eth1,Ethernet1/7,sr04-leaf02,CAT6A,Connected,#2196f3,DC1-ROW-C,DC1-ROW-C,SERVER-RACK-04,SERVER-RACK-04
161,SRV-sr04-srv08-A,sr04-srv08,eth0,Ethernet1/8,sr04-leaf01,CAT6A,Connected,#2196f3,DC1-ROW-C,DC1-ROW-C,SERVER-RACK-04,SERVER-RACK-04
162,SRV-sr04-srv08-B,sr04-srv08,eth1,Ethernet1/8,sr04-leaf02,CAT6A,Connected,#2196f3,DC1-ROW-C,DC1-ROW-C,SERVER-RACK-04,SERVER-RACK-04
163,SRV-sr04-srv09-A,sr04-srv09,eth0,Ethernet1/9,sr04-leaf01,CAT6A,Connected,#2196f3,DC1-ROW-C,DC1-ROW-C,SERVER-RACK-04,SERVER-RACK-04
164,SRV-sr04-srv09-B,sr04-srv09,eth1,Ethernet1/9,sr04-leaf02,CAT6A,Connected,#2196f3,DC1-ROW-C,DC1-ROW-C,SERVER-RACK-04,SERVER-RACK-04
165,SRV-sr04-srv10-A,sr04-srv10,eth0,Ethernet1/10,sr04-leaf01,CAT6A,Connected,#2196f3,DC1-ROW-C,DC1-ROW-C,SERVER-RACK-04,SERVER-RACK-04
166,SRV-sr04-srv10-B,sr04-srv10,eth1,Ethernet1/10,sr04-leaf02,CAT6A,Connected,#2196f3,DC1-ROW-C,DC1-ROW-C,SERVER-RACK-04,SERVER-RACK-04
167,SRV-sr04-srv11-A,sr04-srv11,eth0,Ethernet1/11,sr04-leaf01,CAT6A,Connected,#2196f3,DC1-ROW-C,DC1-ROW-C,SERVER-RACK-04,SERVER-RACK-04
168,SRV-sr04-srv11-B,sr04-srv11,eth1,Ethernet1/11,sr04-leaf02,CAT6A,Connected,#2196f3,DC1-ROW-C,DC1-ROW-C,SERVER-RACK-04,SERVER-RACK-04
169,SRV-sr04-srv12-A,sr04-srv12,eth0,Ethernet1/12,sr04-leaf01,CAT6A,Connected,#2196f3,DC1-ROW-C,DC1-ROW-C,SERVER-RACK-04,SERVER-RACK-04
170,SRV-sr04-srv12-B,sr04-srv12,eth1,Ethernet1/12,sr04-leaf02,CAT6A,Connected,#2196f3,DC1-ROW-C,DC1-ROW-C,SERVER-RACK-04,SERVER-RACK-04
171,SRV-sr04-srv13-A,sr04-srv13,eth0,Ethernet1/13,sr04-leaf01,CAT6A,Connected,#2196f3,DC1-ROW-C,DC1-ROW-C,SERVER-RACK-04,SERVER-RACK-04
172,SRV-sr04-srv13-B,sr04-srv13,eth1,Ethernet1/13,sr04-leaf02,CAT6A,Connected,#2196f3,DC1-ROW-C,DC1-ROW-C,SERVER-RACK-04,SERVER-RACK-04
173,SRV-sr04-srv14-A,sr04-srv14,eth0,Ethernet1/14,sr04-leaf01,CAT6A,Connected,#2196f3,DC1-ROW-C,DC1-ROW-C,SERVER-RACK-04,SERVER-RACK-04
174,SRV-sr04-srv14-B,sr04-srv14,eth1,Ethernet1/14,sr04-leaf02,CAT6A,Connected,#2196f3,DC1-ROW-C,DC1-ROW-C,SERVER-RACK-04,SERVER-RACK-04
175,SRV-sr04-srv15-A,sr04-srv15,eth0,Ethernet1/15,sr04-leaf01,CAT6A,Connected,#2196f3,DC1-ROW-C,DC1-ROW-C,SERVER-RACK-04,SERVER-RACK-04
176,SRV-sr04-srv15-B,sr04-srv15,eth1,Ethernet1/15,sr04-leaf02,CAT6A,Connected,#2196f3,DC1-ROW-C,DC1-ROW-C,SERVER-RACK-04,SERVER-RACK-04
177,SRV-sr04-srv16-A,sr04-srv16,eth0,Ethernet1/16,sr04-leaf01,CAT6A,Connected,#2196f3,DC1-ROW-C,DC1-ROW-C,SERVER-RACK-04,SERVER-RACK-04
178,SRV-sr04-srv16-B,sr04-srv16,eth1,Ethernet1/16,sr04-leaf02,CAT6A,Connected,#2196f3,DC1-ROW-C,DC1-ROW-C,SERVER-RACK-04,SERVER-RACK-04
179,SRV-sr05-srv01-A,sr05-srv01,eth0,Ethernet1/1,sr05-leaf01,CAT6A,Connected,#2196f3,DC1-ROW-D,DC1-ROW-D,SERVER-RACK-05,SERVER-RACK-05
180,SRV-sr05-srv01-B,sr05-srv01,eth1,Ethernet1/1,sr05-leaf02,CAT6A,Connected,#2196f3,DC1-ROW-D,DC1-ROW-D,SERVER-RACK-05,SERVER-RACK-05
181,SRV-sr05-srv02-A,sr05-srv02,eth0,Ethernet1/2,sr05-leaf01,CAT6A,Connected,#2196f3,DC1-ROW-D,DC1-ROW-D,SERVER-RACK-05,SERVER-RACK-05
182,SRV-sr05-srv02-B,sr05-srv02,eth1,Ethernet1/2,sr05-leaf02,CAT6A,Connected,#2196f3,DC1-ROW-D,DC1-ROW-D,SERVER-RACK-05,SERVER-RACK-05
183,SRV-sr05-srv03-A,sr05-srv03,eth0,Ethernet1/3,sr05-leaf01,CAT6A,Connected,#2196f3,DC1-ROW-D,DC1-ROW-D,SERVER-RACK-05,SERVER-RACK-05
184,SRV-sr05-srv03-B,sr05-srv03,eth1,Ethernet1/3,sr05-leaf02,CAT6A,Connected,#2196f3,DC1-ROW-D,DC1-ROW-D,SERVER-RACK-05,SERVER-RACK-05
185,SRV-sr05-srv04-A,sr05-srv04,eth0,Ethernet1/4,sr05-leaf01,CAT6A,Connected,#2196f3,DC1-ROW-D,DC1-ROW-D,SERVER-RACK-05,SERVER-RACK-05
186,SRV-sr05-srv04-B,sr05-srv04,eth1,Ethernet1/4,sr05-leaf02,CAT6A,Connected,#2196f3,DC1-ROW-D,DC1-ROW-D,SERVER-RACK-05,SERVER-RACK-05
187,SRV-sr05-srv05-A,sr05-srv05,eth0,Ethernet1/5,sr05-leaf01,CAT6A,Connected,#2196f3,DC1-ROW-D,DC1-ROW-D,SERVER-RACK-05,SERVER-RACK-05
188,SRV-sr05-srv05-B,sr05-srv05,eth1,Ethernet1/5,sr05-leaf02,CAT6A,Connected,#2196f3,DC1-ROW-D,DC1-ROW-D,SERVER-RACK-05,SERVER-RACK-05
189,SRV-sr05-srv06-A,sr05-srv06,eth0,Ethernet1/6,sr05-leaf01,CAT6A,Connected,#2196f3,DC1-ROW-D,DC1-ROW-D,SERVER-RACK-05,SERVER-RACK-05
190,SRV-sr05-srv06-B,sr05-srv06,eth1,Ethernet1/6,sr05-leaf02,CAT6A,Connected,#2196f3,DC1-ROW-D,DC1-ROW-D,SERVER-RACK-05,SERVER-RACK-05
191,SRV-sr05-srv07-A,sr05-srv07,eth0,Ethernet1/7,sr05-leaf01,CAT6A,Connected,#2196f3,DC1-ROW-D,DC1-ROW-D,SERVER-RACK-05,SERVER-RACK-05
192,SRV-sr05-srv07-B,sr05-srv07,eth1,Ethernet1/7,sr05-leaf02,CAT6A,Connected,#2196f3,DC1-ROW-D,DC1-ROW-D,SERVER-RACK-05,SERVER-RACK-05
193,SRV-sr05-srv08-A,sr05-srv08,eth0,Ethernet1/8,sr05-leaf01,CAT6A,Connected,#2196f3,DC1-ROW-D,DC1-ROW-D,SERVER-RACK-05,SERVER-RACK-05
194,SRV-sr05-srv08-B,sr05-srv08,eth1,Ethernet1/8,sr05-leaf02,CAT6A,Connected,#2196f3,DC1-ROW-D,DC1-ROW-D,SERVER-RACK-05,SERVER-RACK-05
195,SRV-sr05-srv09-A,sr05-srv09,eth0,Ethernet1/9,sr05-leaf01,CAT6A,Connected,#2196f3,DC1-ROW-D,DC1-ROW-D,SERVER-RACK-05,SERVER-RACK-05
196,SRV-sr05-srv09-B,sr05-srv09,eth1,Ethernet1/9,sr05-leaf02,CAT6A,Connected,#2196f3,DC1-ROW-D,DC1-ROW-D,SERVER-RACK-05,SERVER-RACK-05
197,SRV-sr05-srv10-A,sr05-srv10,eth0,Ethernet1/10,sr05-leaf01,CAT6A,Connected,#2196f3,DC1-ROW-D,DC1-ROW-D,SERVER-RACK-05,SERVER-RACK-05
198,SRV-sr05-srv10-B,sr05-srv10,eth1,Ethernet1/10,sr05-leaf02,CAT6A,Connected,#2196f3,DC1-ROW-D,DC1-ROW-D,SERVER-RACK-05,SERVER-RACK-05
199,SRV-sr05-srv11-A,sr05-srv11,eth0,Ethernet1/11,sr05-leaf01,CAT6A,Connected,#2196f3,DC1-ROW-D,DC1-ROW-D,SERVER-RACK-05,SERVER-RACK-05
200,SRV-sr05-srv11-B,sr05-srv11,eth1,Ethernet1/11,sr05-leaf02,CAT6A,Connected,#2196f3,DC1-ROW-D,DC1-ROW-D,SERVER-RACK-05,SERVER-RACK-05
201,SRV-sr05-srv12-A,sr05-srv12,eth0,Ethernet1/12,sr05-leaf01,CAT6A,Connected,#2196f3,DC1-ROW-D,DC1-ROW-D,SERVER-RACK-05,SERVER-RACK-05
202,SRV-sr05-srv12-B,sr05-srv12,eth1,Ethernet1/12,sr05-leaf02,CAT6A,Connected,#2196f3,DC1-ROW-D,DC1-ROW-D,SERVER-RACK-05,SERVER-RACK-05
203,SRV-sr05-srv13-A,sr05-srv13,eth0,Ethernet1/13,sr05-leaf01,CAT6A,Connected,#2196f3,DC1-ROW-D,DC1-ROW-D,SERVER-RACK-05,SERVER-RACK-05
204,SRV-sr05-srv13-B,sr05-srv13,eth1,Ethernet1/13,sr05-leaf02,CAT6A,Connected,#2196f3,DC1-ROW-D,DC1-ROW-D,SERVER-RACK-05,SERVER-RACK-05
205,SRV-sr05-srv14-A,sr05-srv14,eth0,Ethernet1/14,sr05-leaf01,CAT6A,Connected,#2196f3,DC1-ROW-D,DC1-ROW-D,SERVER-RACK-05,SERVER-RACK-05
206,SRV-sr05-srv14-B,sr05-srv14,eth1,Ethernet1/14,sr05-leaf02,CAT6A,Connected,#2196f3,DC1-ROW-D,DC1-ROW-D,SERVER-RACK-05,SERVER-RACK-05
207,SRV-sr05-srv15-A,sr05-srv15,eth0,Ethernet1/15,sr05-leaf01,CAT6A,Connected,#2196f3,DC1-ROW-D,DC1-ROW-D,SERVER-RACK-05,SERVER-RACK-05
208,SRV-sr05-srv15-B,sr05-srv15,eth1,Ethernet1/15,sr05-leaf02,CAT6A,Connected,#2196f3,DC1-ROW-D,DC1-ROW-D,SERVER-RACK-05,SERVER-RACK-05
209,SRV-sr05-srv16-A,sr05-srv16,eth0,Ethernet1/16,sr05-leaf01,CAT6A,Connected,#2196f3,DC1-ROW-D,DC1-ROW-D,SERVER-RACK-05,SERVER-RACK-05
210,SRV-sr05-srv16-B,sr05-srv16,eth1,Ethernet1/16,sr05-leaf02,CAT6A,Connected,#2196f3,DC1-ROW-D,DC1-ROW-D,SERVER-RACK-05,SERVER-RACK-05
211,SRV-sr06-srv01-A,sr06-srv01,eth0,Ethernet1/1,sr06-leaf01,CAT6A,Connected,#2196f3,DC1-ROW-D,DC1-ROW-D,SERVER-RACK-06,SERVER-RACK-06
212,SRV-sr06-srv01-B,sr06-srv01,eth1,Ethernet1/1,sr06-leaf02,CAT6A,Connected,#2196f3,DC1-ROW-D,DC1-ROW-D,SERVER-RACK-06,SERVER-RACK-06
213,SRV-sr06-srv02-A,sr06-srv02,eth0,Ethernet1/2,sr06-leaf01,CAT6A,Connected,#2196f3,DC1-ROW-D,DC1-ROW-D,SERVER-RACK-06,SERVER-RACK-06
214,SRV-sr06-srv02-B,sr06-srv02,eth1,Ethernet1/2,sr06-leaf02,CAT6A,Connected,#2196f3,DC1-ROW-D,DC1-ROW-D,SERVER-RACK-06,SERVER-RACK-06
215,SRV-sr06-srv03-A,sr06-srv03,eth0,Ethernet1/3,sr06-leaf01,CAT6A,Connected,#2196f3,DC1-ROW-D,DC1-ROW-D,SERVER-RACK-06,SERVER-RACK-06
216,SRV-sr06-srv03-B,sr06-srv03,eth1,Ethernet1/3,sr06-leaf02,CAT6A,Connected,#2196f3,DC1-ROW-D,DC1-ROW-D,SERVER-RACK-06,SERVER-RACK-06
217,SRV-sr06-srv04-A,sr06-srv04,eth0,Ethernet1/4,sr06-leaf01,CAT6A,Connected,#2196f3,DC1-ROW-D,DC1-ROW-D,SERVER-RACK-06,SERVER-RACK-06
218,SRV-sr06-srv04-B,sr06-srv04,eth1,Ethernet1/4,sr06-leaf02,CAT6A,Connected,#2196f3,DC1-ROW-D,DC1-ROW-D,SERVER-RACK-06,SERVER-RACK-06
219,SRV-sr06-srv05-A,sr06-srv05,eth0,Ethernet1/5,sr06-leaf01,CAT6A,Connected,#2196f3,DC1-ROW-D,DC1-ROW-D,SERVER-RACK-06,SERVER-RACK-06
220,SRV-sr06-srv05-B,sr06-srv05,eth1,Ethernet1/5,sr06-leaf02,CAT6A,Connected,#2196f3,DC1-ROW-D,DC1-ROW-D,SERVER-RACK-06,SERVER-RACK-06
221,SRV-sr06-srv06-A,sr06-srv06,eth0,Ethernet1/6,sr06-leaf01,CAT6A,Connected,#2196f3,DC1-ROW-D,DC1-ROW-D,SERVER-RACK-06,SERVER-RACK-06
222,SRV-sr06-srv06-B,sr06-srv06,eth1,Ethernet1/6,sr06-leaf02,CAT6A,Connected,#2196f3,DC1-ROW-D,DC1-ROW-D,SERVER-RACK-06,SERVER-RACK-06
223,SRV-sr06-srv07-A,sr06-srv07,eth0,Ethernet1/7,sr06-leaf01,CAT6A,Connected,#2196f3,DC1-ROW-D,DC1-ROW-D,SERVER-RACK-06,SERVER-RACK-06
224,SRV-sr06-srv07-B,sr06-srv07,eth1,Ethernet1/7,sr06-leaf02,CAT6A,Connected,#2196f3,DC1-ROW-D,DC1-ROW-D,SERVER-RACK-06,SERVER-RACK-06
225,SRV-sr06-srv08-A,sr06-srv08,eth0,Ethernet1/8,sr06-leaf01,CAT6A,Connected,#2196f3,DC1-ROW-D,DC1-ROW-D,SERVER-RACK-06,SERVER-RACK-06
226,SRV-sr06-srv08-B,sr06-srv08,eth1,Ethernet1/8,sr06-leaf02,CAT6A,Connected,#2196f3,DC1-ROW-D,DC1-ROW-D,SERVER-RACK-06,SERVER-RACK-06
227,SRV-sr06-srv09-A,sr06-srv09,eth0,Ethernet1/9,sr06-leaf01,CAT6A,Connected,#2196f3,DC1-ROW-D,DC1-ROW-D,SERVER-RACK-06,SERVER-RACK-06
228,SRV-sr06-srv09-B,sr06-srv09,eth1,Ethernet1/9,sr06-leaf02,CAT6A,Connected,#2196f3,DC1-ROW-D,DC1-ROW-D,SERVER-RACK-06,SERVER-RACK-06
229,SRV-sr06-srv10-A,sr06-srv10,eth0,Ethernet1/10,sr06-leaf01,CAT6A,Connected,#2196f3,DC1-ROW-D,DC1-ROW-D,SERVER-RACK-06,SERVER-RACK-06
230,SRV-sr06-srv10-B,sr06-srv10,eth1,Ethernet1/10,sr06-leaf02,CAT6A,Connected,#2196f3,DC1-ROW-D,DC1-ROW-D,SERVER-RACK-06,SERVER-RACK-06
231,SRV-sr06-srv11-A,sr06-srv11,eth0,Ethernet1/11,sr06-leaf01,CAT6A,Connected,#2196f3,DC1-ROW-D,DC1-ROW-D,SERVER-RACK-06,SERVER-RACK-06
232,SRV-sr06-srv11-B,sr06-srv11,eth1,Ethernet1/11,sr06-leaf02,CAT6A,Connected,#2196f3,DC1-ROW-D,DC1-ROW-D,SERVER-RACK-06,SERVER-RACK-06
233,SRV-sr06-srv12-A,sr06-srv12,eth0,Ethernet1/12,sr06-leaf01,CAT6A,Connected,#2196f3,DC1-ROW-D,DC1-ROW-D,SERVER-RACK-06,SERVER-RACK-06
234,SRV-sr06-srv12-B,sr06-srv12,eth1,Ethernet1/12,sr06-leaf02,CAT6A,Connected,#2196f3,DC1-ROW-D,DC1-ROW-D,SERVER-RACK-06,SERVER-RACK-06
235,SRV-sr06-srv13-A,sr06-srv13,eth0,Ethernet1/13,sr06-leaf01,CAT6A,Connected,#2196f3,DC1-ROW-D,DC1-ROW-D,SERVER-RACK-06,SERVER-RACK-06
236,SRV-sr06-srv13-B,sr06-srv13,eth1,Ethernet1/13,sr06-leaf02,CAT6A,Connected,#2196f3,DC1-ROW-D,DC1-ROW-D,SERVER-RACK-06,SERVER-RACK-06
237,SRV-sr06-srv14-A,sr06-srv14,eth0,Ethernet1/14,sr06-leaf01,CAT6A,Connected,#2196f3,DC1-ROW-D,DC1-ROW-D,SERVER-RACK-06,SERVER-RACK-06
238,SRV-sr06-srv14-B,sr06-srv14,eth1,Ethernet1/14,sr06-leaf02,CAT6A,Connected,#2196f3,DC1-ROW-D,DC1-ROW-D,SERVER-RACK-06,SERVER-RACK-06
239,SRV-sr06-srv15-A,sr06-srv15,eth0,Ethernet1/15,sr06-leaf01,CAT6A,Connected,#2196f3,DC1-ROW-D,DC1-ROW-D,SERVER-RACK-06,SERVER-RACK-06
240,SRV-sr06-srv15-B,sr06-srv15,eth1,Ethernet1/15,sr06-leaf02,CAT6A,Connected,#2196f3,DC1-ROW-D,DC1-ROW-D,SERVER-RACK-06,SERVER-RACK-06
241,SRV-sr06-srv16-A,sr06-srv16,eth0,Ethernet1/16,sr06-leaf01,CAT6A,Connected,#2196f3,DC1-ROW-D,DC1-ROW-D,SERVER-RACK-06,SERVER-RACK-06
242,SRV-sr06-srv16-B,sr06-srv16,eth1,Ethernet1/16,sr06-leaf02,CAT6A,Connected,#2196f3,DC1-ROW-D,DC1-ROW-D,SERVER-RACK-06,SERVER-RACK-06
243,LEAF-PEER-SERVER-RACK-01-01,sr01-leaf01,Ethernet1/55,Ethernet1/55,sr01-leaf02,DAC-25G,Connected,#4caf50,DC1-ROW-B,DC1-ROW-B,SERVER-RACK-01,SERVER-RACK-01
244,LEAF-PEER-SERVER-RACK-01-02,sr01-leaf01,Ethernet1/56,Ethernet1/56,sr01-leaf02,DAC-25G,Connected,#4caf50,DC1-ROW-B,DC1-ROW-B,SERVER-RACK-01,SERVER-RACK-01
245,LEAF-PEER-SERVER-RACK-02-01,sr02-leaf01,Ethernet1/55,Ethernet1/55,sr02-leaf02,DAC-25G,Connected,#4caf50,DC1-ROW-B,DC1-ROW-B,SERVER-RACK-02,SERVER-RACK-02
246,LEAF-PEER-SERVER-RACK-02-02,sr02-leaf01,Ethernet1/56,Ethernet1/56,sr02-leaf02,DAC-25G,Connected,#4caf50,DC1-ROW-B,DC1-ROW-B,SERVER-RACK-02,SERVER-RACK-02
247,LEAF-PEER-SERVER-RACK-03-01,sr03-leaf01,Ethernet1/55,Ethernet1/55,sr03-leaf02,DAC-25G,Connected,#4caf50,DC1-ROW-C,DC1-ROW-C,SERVER-RACK-03,SERVER-RACK-03
248,LEAF-PEER-SERVER-RACK-03-02,sr03-leaf01,Ethernet1/56,Ethernet1/56,sr03-leaf02,DAC-25G,Connected,#4caf50,DC1-ROW-C,DC1-ROW-C,SERVER-RACK-03,SERVER-RACK-03
249,LEAF-PEER-SERVER-RACK-04-01,sr04-leaf01,Ethernet1/55,Ethernet1/55,sr04-leaf02,DAC-25G,Connected,#4caf50,DC1-ROW-C,DC1-ROW-C,SERVER-RACK-04,SERVER-RACK-04
250,LEAF-PEER-SERVER-RACK-04-02,sr04-leaf01,Ethernet1/56,Ethernet1/56,sr04-leaf02,DAC-25G,Connected,#4caf50,DC1-ROW-C,DC1-ROW-C,SERVER-RACK-04,SERVER-RACK-04
251,LEAF-PEER-SERVER-RACK-05-01,sr05-leaf01,Ethernet1/55,Ethernet1/55,sr05-leaf02,DAC-25G,Connected,#4caf50,DC1-ROW-D,DC1-ROW-D,SERVER-RACK-05,SERVER-RACK-05
252,LEAF-PEER-SERVER-RACK-05-02,sr05-leaf01,Ethernet1/56,Ethernet1/56,sr05-leaf02,DAC-25G,Connected,#4caf50,DC1-ROW-D,DC1-ROW-D,SERVER-RACK-05,SERVER-RACK-05
253,LEAF-PEER-SERVER-RACK-06-01,sr06-leaf01,Ethernet1/55,Ethernet1/55,sr06-leaf02,DAC-25G,Connected,#4caf50,DC1-ROW-D,DC1-ROW-D,SERVER-RACK-06,SERVER-RACK-06
254,LEAF-PEER-SERVER-RACK-06-02,sr06-leaf01,Ethernet1/56,Ethernet1/56,sr06-leaf02,DAC-25G,Connected,#4caf50,DC1-ROW-D,DC1-ROW-D,SERVER-RACK-06,SERVER-RACK-06
